epoch,time,train/box_loss,train/cls_loss,train/dfl_loss,metrics/precision(B),metrics/recall(B),metrics/mAP50(B),metrics/mAP50-95(B),val/box_loss,val/cls_loss,val/dfl_loss,lr/pg0,lr/pg1,lr/pg2
1,2268.82,1.53681,5.19858,1.76473,0.36719,0.35897,0.29666,0.20194,1.24184,3.4549,1.60204,2.69932e-05,2.69932e-05,2.69932e-05
2,4023.35,1.33104,3.10984,1.55197,0.47062,0.57778,0.57937,0.39267,1.18529,2.43892,1.53437,5.29242e-05,5.29242e-05,5.29242e-05
3,5690.77,1.28349,2.37443,1.51401,0.68967,0.60096,0.71892,0.48653,1.15542,1.94369,1.51457,7.77859e-05,7.77859e-05,7.77859e-05
4,7314.33,1.26285,1.94993,1.4892,0.68376,0.71886,0.78459,0.55605,1.11962,1.56837,1.47968,7.61886e-05,7.61886e-05,7.61886e-05
5,8948.12,1.22909,1.68677,1.4647,0.69816,0.75462,0.81999,0.56878,1.11703,1.43629,1.47788,7.45848e-05,7.45848e-05,7.45848e-05
6,11055.7,1.19685,1.50745,1.43762,0.78695,0.78683,0.86419,0.61885,1.05888,1.34968,1.42302,7.2981e-05,7.2981e-05,7.2981e-05
7,12860.3,1.17315,1.38057,1.42841,0.77865,0.82943,0.88483,0.63566,1.05202,1.10901,1.41103,7.13772e-05,7.13772e-05,7.13772e-05
8,14551.2,1.15674,1.27969,1.41047,0.80291,0.84359,0.90427,0.65451,1.05406,1.10857,1.42034,6.97734e-05,6.97734e-05,6.97734e-05
9,16334.8,1.13014,1.20439,1.38428,0.85905,0.85132,0.91474,0.67147,1.02937,0.98637,1.39127,6.81696e-05,6.81696e-05,6.81696e-05
10,18161.9,1.11744,1.1354,1.38355,0.85195,0.88978,0.93905,0.69544,1.01834,0.90102,1.37702,6.65658e-05,6.65658e-05,6.65658e-05
11,19758.8,1.08517,1.06916,1.35233,0.87391,0.88108,0.94606,0.69018,1.03627,0.80242,1.38178,6.4962e-05,6.4962e-05,6.4962e-05
12,21467.9,1.08369,1.03242,1.35174,0.87776,0.88005,0.95414,0.70419,0.99154,0.78558,1.3636,6.33582e-05,6.33582e-05,6.33582e-05
13,23261,1.07661,0.9832,1.34861,0.87706,0.90917,0.95255,0.70522,1.01316,0.68762,1.36214,6.17544e-05,6.17544e-05,6.17544e-05
14,24812.3,1.05663,0.95878,1.33782,0.90044,0.90682,0.96782,0.71953,0.99793,0.65624,1.35464,6.01506e-05,6.01506e-05,6.01506e-05
15,1690.03,1.05806,0.91359,1.33545,0.89367,0.88845,0.96752,0.72478,0.98612,0.67484,1.34855,5.85468e-05,5.85468e-05,5.85468e-05
16,3341.59,1.03433,0.89483,1.32002,0.88307,0.91868,0.95785,0.72085,0.99233,0.61702,1.36217,5.6943e-05,5.6943e-05,5.6943e-05
17,4944.14,1.01302,0.84665,1.3042,0.93542,0.91081,0.97008,0.72934,0.99162,0.57457,1.36081,5.53392e-05,5.53392e-05,5.53392e-05
18,6501.05,1.00599,0.82066,1.29332,0.88903,0.91605,0.9618,0.72201,0.97186,0.59503,1.34671,5.37354e-05,5.37354e-05,5.37354e-05
19,8076.51,0.98984,0.79419,1.28716,0.91719,0.93188,0.9683,0.72878,0.97368,0.55595,1.33354,5.21316e-05,5.21316e-05,5.21316e-05
20,10112,0.98469,0.7606,1.27907,0.92027,0.93665,0.97663,0.73842,0.96872,0.52124,1.33086,5.05278e-05,5.05278e-05,5.05278e-05
21,11967.1,0.95623,0.74509,1.27159,0.93198,0.92766,0.98038,0.73835,0.96965,0.49986,1.33779,4.8924e-05,4.8924e-05,4.8924e-05
22,13601.1,0.95364,0.72674,1.26131,0.9367,0.92669,0.98153,0.74247,0.96217,0.51665,1.33758,4.73202e-05,4.73202e-05,4.73202e-05
23,15224.5,0.94196,0.70466,1.24936,0.9337,0.90893,0.97262,0.73397,0.96366,0.52016,1.33638,4.57164e-05,4.57164e-05,4.57164e-05
24,16775,0.93149,0.68616,1.25109,0.93898,0.93265,0.9767,0.75276,0.94721,0.50294,1.32117,4.41126e-05,4.41126e-05,4.41126e-05
25,18333.7,0.90836,0.66,1.22874,0.92148,0.93738,0.97823,0.74768,0.95974,0.47548,1.32327,4.25088e-05,4.25088e-05,4.25088e-05
26,19917.6,0.89998,0.6602,1.22251,0.94589,0.93787,0.97527,0.74796,0.94405,0.46134,1.32985,4.0905e-05,4.0905e-05,4.0905e-05
27,21732.2,0.90506,0.63642,1.22898,0.94077,0.92516,0.97339,0.75008,0.95227,0.46257,1.33075,3.93012e-05,3.93012e-05,3.93012e-05
28,23323.4,0.88443,0.61856,1.22058,0.93317,0.92839,0.96898,0.74114,0.94503,0.46161,1.32387,3.76974e-05,3.76974e-05,3.76974e-05
29,25116.8,0.94849,0.67697,1.25526,0.95223,0.94163,0.97628,0.74859,0.94164,0.44951,1.3168,3.60936e-05,3.60936e-05,3.60936e-05
30,26896.7,0.94054,0.66952,1.25812,0.94392,0.94002,0.98333,0.75588,0.94485,0.46047,1.31601,3.44898e-05,3.44898e-05,3.44898e-05
31,28512.4,0.93177,0.66595,1.23938,0.94806,0.94818,0.97631,0.75307,0.9306,0.42958,1.29605,3.2886e-05,3.2886e-05,3.2886e-05
32,30127.2,0.92277,0.64723,1.23972,0.93142,0.93765,0.97864,0.75992,0.9295,0.43148,1.30094,3.12822e-05,3.12822e-05,3.12822e-05
33,31847.3,0.92815,0.64725,1.24285,0.93948,0.94448,0.97622,0.75012,0.93591,0.44063,1.3056,2.96784e-05,2.96784e-05,2.96784e-05
34,34097,0.91203,0.62029,1.22817,0.93638,0.9447,0.9822,0.75948,0.93285,0.42411,1.30755,2.80746e-05,2.80746e-05,2.80746e-05
35,1605.79,0.85826,0.56731,1.20191,0.95391,0.94403,0.98324,0.76249,0.92911,0.41691,1.30538,2.64708e-05,2.64708e-05,2.64708e-05
36,3148.81,0.84129,0.56303,1.18928,0.95714,0.94838,0.9831,0.76394,0.92165,0.41231,1.30544,2.4867e-05,2.4867e-05,2.4867e-05
37,4713.04,0.82348,0.53913,1.17741,0.94718,0.94611,0.98705,0.76567,0.92556,0.4126,1.30421,2.32632e-05,2.32632e-05,2.32632e-05
38,6576.8,0.82119,0.52032,1.16911,0.95215,0.95192,0.98492,0.76324,0.92536,0.40904,1.30439,2.16594e-05,2.16594e-05,2.16594e-05
39,8218.13,0.81347,0.5206,1.16987,0.94901,0.93571,0.98198,0.75697,0.93225,0.40241,1.31657,2.00556e-05,2.00556e-05,2.00556e-05
40,10068.1,0.80284,0.50465,1.16035,0.95086,0.95339,0.98797,0.76344,0.92781,0.39665,1.31719,1.84518e-05,1.84518e-05,1.84518e-05
41,11577.2,0.8105,0.36575,1.21048,0.94717,0.93539,0.98759,0.76197,0.92747,0.40482,1.3028,1.6848e-05,1.6848e-05,1.6848e-05
42,13088.8,0.80187,0.35428,1.19887,0.95483,0.92783,0.98688,0.76248,0.92253,0.41528,1.29851,1.52442e-05,1.52442e-05,1.52442e-05
43,14705.4,0.79318,0.35024,1.19014,0.94894,0.93517,0.98646,0.75883,0.9201,0.40779,1.29195,1.36404e-05,1.36404e-05,1.36404e-05
44,16826.6,0.78201,0.3444,1.18618,0.9479,0.94165,0.98223,0.7583,0.92327,0.40029,1.30118,1.20366e-05,1.20366e-05,1.20366e-05
45,18387.1,0.77399,0.33822,1.17907,0.94674,0.93421,0.98517,0.76069,0.92291,0.40264,1.30457,1.04328e-05,1.04328e-05,1.04328e-05
46,19941.8,0.7668,0.33364,1.17191,0.95192,0.93822,0.98537,0.75864,0.91963,0.39177,1.30397,8.829e-06,8.829e-06,8.829e-06
47,21477.5,0.76331,0.33066,1.17173,0.94343,0.93938,0.98061,0.75576,0.91911,0.39232,1.30294,7.2252e-06,7.2252e-06,7.2252e-06
48,22987.9,0.76235,0.32674,1.16845,0.95098,0.9376,0.98184,0.75787,0.91577,0.39236,1.30281,5.6214e-06,5.6214e-06,5.6214e-06
49,24807.8,0.751,0.32138,1.16098,0.9503,0.93564,0.98618,0.76276,0.91493,0.39271,1.30209,4.0176e-06,4.0176e-06,4.0176e-06
50,26343.5,0.74686,0.32214,1.16259,0.9548,0.9357,0.98656,0.76279,0.91427,0.38908,1.30298,2.4138e-06,2.4138e-06,2.4138e-06
